Date,Tweet,Url,User,UserCreated,UserVerified,UserFollowers,UserFriends,Retweets,Likes,Location,UserDescription
2023-02-24 07:59:26+00:00,"How to hire 100x more productive team members for Free? We just interviewed and hired #chatgpt for free as a team member. 
https://t.co/JwlXXK6WKt",https://twitter.com/smnishad/status/1629028212914245632,smnishad,2009-03-04 15:50:52+00:00,FALSE,2524,4966,0,0,"New Delhi, India",Account Planning at Adfactors Advertising
2023-02-24 07:59:23+00:00,Chatgtp breakfast about to start #ChatGPT #futureproofing #opportunity https://t.co/HYCt33vOZ0,https://twitter.com/SevenKingsSch/status/1629028202185121792,SevenKingsSch,2010-05-06 09:05:00+00:00,FALSE,1322,174,0,0,"Ilford, Redbridge",All Through. Outstanding. World Class. See SixthForm/Seven Kings Learning Partnership (collective of 23 schools in East London)

2023-02-24 07:58:54+00:00,"Build your first $100K/Year Start-up in just 24 hours with AI

#ChatGPT #AI #Artificial_Intelligence #midjourney #Notion https://t.co/uLdBiIqVwE",https://twitter.com/yournotionguy/status/1629028078155599874,yournotionguy,2023-02-09 13:22:56+00:00,FALSE,43,10,0,0,,"ü§ì Productivity nerd
üóíÔ∏è Daily Notion tips & tricks
üß¨ Get your life organized with Notion
üí¨ DM for Collab/Queries"
2023-02-24 07:58:45+00:00,"Disappointed with @Samsung. My TV stopped working after less than 2 years. It's frustrating to spend money on a brand known for quality, only to be let down. #SamsungLetdown #TVTroubles #ChatGPT",https://twitter.com/sbmza/status/1629028042340270080,sbmza,2009-11-28 06:45:15+00:00,FALSE,175,1644,0,0,,Vires in Numeris
2023-02-24 07:58:39+00:00,The Future of Writing in a World of Artificial Intelligence #ChatGPT https://t.co/odbWCtT3VH via @spencerideas,https://twitter.com/manohar12/status/1629028015920533505,manohar12,2009-10-24 11:35:06+00:00,FALSE,119,957,0,0,Gurgaon,be the change enabler‚Ä¶.
2023-02-24 07:58:13+00:00,"EdTech WORLD FORUM 2023,
https://t.co/y33ssL8h6S 
London. May 17-18. BOOK NOW! #edtech

#elearning #education #onlineeducation 
#edtechplatform #digitaleducation #highereducation 
#educationaltechnology #chatgpt  #edtechstartups #onlinelearning #edutech #coursera #udemy #google",https://twitter.com/metaverseworld_/status/1629027905408798722,metaverseworld_,2013-03-09 21:40:27+00:00,FALSE,9110,499,3,1,"London, UK",Metaverse World in London UK is a leading metaverse hub for #metaverse #web3 #ai #crypto #blockchain #iot #ar #vr #5G #tech #future
2023-02-24 07:56:27+00:00,Warning: There are no #ChatGPT crypto tokens... https://t.co/5lGS2MIZ06,https://twitter.com/VPNReports/status/1629027461898944515,VPNReports,2019-04-04 22:03:32+00:00,FALSE,25,34,0,1,,"VPN Reports reviews VPNs, recommending best services for different uses cases. We also regularly publish #VPN related news, advice and more."
2023-02-24 07:55:54+00:00,"China will continue to give strong support to artificial intelligence as a strategic emerging industry, the Ministry of Science and Technology said Fri, pledging to further unleash the benefits of AI while avoiding its negatives, citing #ChatGPT https://t.co/091CZZSbFb https://t.co/CCcLy8xrR9",https://twitter.com/globaltimesnews/status/1629027323558383616,globaltimesnews,2009-06-22 12:41:39+00:00,TRUE,1881197,538,2,3,"Beijing, China","China's national English language newspaper, under the People's Daily. Apps: https://t.co/S9E7BpFVPI"
2023-02-24 07:55:52+00:00,Anyone noticed #stackoverflow's footfall since the launch of #ChatGPT?,https://twitter.com/_atulj/status/1629027313613504512,_atulj,2015-02-16 15:25:23+00:00,FALSE,134,272,0,0,Delhi,building https://t.co/2OWS3z2KZC
2023-02-24 07:55:05+00:00,"What Does ChatGPT Really Mean For Your Job?

The fast advances in #artificial #intelligence (#AI) always trigger discussions about what that might mean for our #jobs. Here, we look at the impact of tools such as #ChatGPT on different jobs.

https://t.co/tUOPnpzKmx",https://twitter.com/BernardMarr/status/1629027116770643971,BernardMarr,2010-01-25 13:11:08+00:00,FALSE,137164,56804,0,1,London,"üìñ Internationally Best-selling #Author üé§ #KeynoteSpeaker ü§ñ #Futurist üíª #Business, #Tech & #Data Advisor #AI #AR #VR #BigData #Robotics #MachineLearning"
2023-02-24 07:54:36+00:00,"Embark on your unique journey - Choose your adventure with our wide range of digital services.

#Digital #digitalart #DigitalMarketing #business #BusinessNews #ChatGPT #Google #Amazon #ŸäŸàŸÖ_ÿßŸÑÿ¨ŸÖÿπŸá #ÿ¨ŸÖÿπŸá_ŸÖÿ®ÿßÿ±ŸÉŸá #ÿßŸÑŸáŸÑÿßŸÑ_ŸÅŸàŸÑÿßÿ∞ #MUNBAR #Flipkart #Android13 #android14 #WebsiteBuilder https://t.co/epLWeWJLXg",https://twitter.com/MightyWarners/status/1629026998046846976,MightyWarners,2019-07-25 05:41:28+00:00,FALSE,349,824,0,0,"Dubai, UAE","We offer an extended range of services including website designing & development, Digital marketing, and software solutions. TollFree : 800 0182 462"
2023-02-24 07:54:28+00:00,"üî• It's time to take your #crypto game to the next level with #ChatGPT coin! Invest now and be a part of the future üöÄ #web3 

 https://t.co/mz7l9QujwT

 #airdrop #NFT  $BCB  $BOO  $DOGE  $SAMO  #Damus https://t.co/oIR4eiewcq",https://twitter.com/minkey_bottle/status/1629026962332164096,minkey_bottle,2014-08-29 16:59:31+00:00,FALSE,28,31,0,2,,"üìçFlorence
#defi"
2023-02-24 07:54:17+00:00,#AI 'The Impact of ChatGPT: Practical Examples Across Industries is a must-read for anyone curious about the power of #ChatGPT. how this technology is transforming industries. Get your copy here: https://t.co/NV7ZKHpdmE,https://twitter.com/Inkstall/status/1629026915075121152,Inkstall,2012-02-08 12:47:39+00:00,FALSE,171,2,0,0,Global,"Installing knowledge since 12 years.
Learning is more than absorbing facts, it is acquiring understanding."
